{
	"format_version": "1.8.0",
	"animations": {
		"animation.the_590.idle": {
			"loop": true,
			"animation_length": 2.75,
			"bones": {
				"head": {
					"rotation": {
						"0.0": {
							"vector": [0, 0, 0]
						},
						"0.25": {
							"vector": [0, 0, -6.5]
						},
						"0.5": {
							"vector": [5.5, 0, -10.5]
						},
						"0.75": {
							"vector": [8.4725, -0.5502, -4.7763]
						},
						"1.0": {
							"vector": [-2.08194, -0.28091, 2.71907]
						},
						"1.25": {
							"vector": [-4.33961, -0.11078, 4.96265]
						},
						"1.5": {
							"vector": [-7.81972, 0.57078, 9.91604]
						},
						"1.75": {
							"vector": [-4.33538, -0.28124, 3.72432]
						},
						"2.0": {
							"vector": [-0.80529, -0.5827, -0.26443]
						},
						"2.25": {
							"vector": [-10.22235, -0.68282, -7.76422]
						},
						"2.5": {
							"vector": [-2, 0, -2]
						},
						"2.75": {
							"vector": [-2, 0, -2]
						}
					},
					"position": {
						"0.0": {
							"vector": [0, 0, 0]
						},
						"0.25": {
							"vector": [0, -0.25, 0]
						},
						"0.5": {
							"vector": [0, -0.5, 0]
						},
						"0.75": {
							"vector": [0, -0.25, 0]
						},
						"1.0": {
							"vector": [0, 0, 0]
						},
						"1.25": {
							"vector": [0, 0.25, 0]
						},
						"1.5": {
							"vector": [0, 0, 0]
						},
						"1.75": {
							"vector": [0, -0.25, 0]
						},
						"2.0": {
							"vector": [0, -0.5, 0]
						},
						"2.25": {
							"vector": [0, -0.75, 0]
						},
						"2.5": {
							"vector": [0, -0.5, 0]
						},
						"2.75": {
							"vector": [0, -0.25, 0]
						}
					}
				},
				"body": {
					"position": {
						"0.0": {
							"vector": [0, 0, 0]
						},
						"0.25": {
							"vector": [0, -0.25, 0]
						},
						"0.5": {
							"vector": [0, -0.5, 0]
						},
						"0.75": {
							"vector": [0, -0.25, 0]
						},
						"1.0": {
							"vector": [0, 0, 0]
						},
						"1.25": {
							"vector": [0, 0.25, 0]
						},
						"1.5": {
							"vector": [0, 0, 0]
						},
						"1.75": {
							"vector": [0, -0.25, 0]
						},
						"2.0": {
							"vector": [0, -0.5, 0]
						},
						"2.25": {
							"vector": [0, -0.75, 0]
						},
						"2.5": {
							"vector": [0, -0.5, 0]
						},
						"2.75": {
							"vector": [0, -0.25, 0]
						}
					}
				},
				"right_arm": {
					"rotation": {
						"0.0": {
							"vector": [0, 0, 0]
						},
						"0.25": {
							"vector": [0, 0, 2.5]
						},
						"0.375": {
							"vector": [0, 5, 3.75]
						},
						"0.5": {
							"vector": [0, 0, 5]
						},
						"0.625": {
							"vector": [0, 2.5, 6.25]
						},
						"0.75": {
							"vector": [0, 0, 7.5]
						},
						"0.875": {
							"vector": [0, -5, 10]
						},
						"1.0": {
							"vector": [0, 0, 12.5]
						},
						"1.125": {
							"vector": [0, -5, 15]
						},
						"1.25": {
							"vector": [0, 0, 17.5]
						},
						"1.375": {
							"vector": [0, -5, 15]
						},
						"1.5": {
							"vector": [0, 0, 12.5]
						},
						"1.625": {
							"vector": [0, -2.5, 11.25]
						},
						"1.75": {
							"vector": [0, 0, 10]
						},
						"2.0": {
							"vector": [0, 0, 5]
						},
						"2.25": {
							"vector": [0, 0, 0]
						},
						"2.5": {
							"vector": [0, 0, -5]
						},
						"2.75": {
							"vector": [0, 0, -2.5]
						}
					},
					"position": {
						"vector": [0, 0, 0]
					}
				},
				"left_arm": {
					"rotation": {
						"0.0": {
							"vector": [0, 0, -2.5]
						},
						"0.25": {
							"vector": [0, 0, -5]
						},
						"0.375": {
							"vector": [0, 5, -7.5]
						},
						"0.5": {
							"vector": [0, 0, -10]
						},
						"0.625": {
							"vector": [0, 5, -12.5]
						},
						"0.75": {
							"vector": [0, 0, -15]
						},
						"0.875": {
							"vector": [0, -5, -17.5]
						},
						"1.0": {
							"vector": [0, 0, -20]
						},
						"1.125": {
							"vector": [0, -7.5, -17.5]
						},
						"1.25": {
							"vector": [0, 0, -15]
						},
						"1.375": {
							"vector": [0, 5, -13.75]
						},
						"1.5": {
							"vector": [0, 0, -12.5]
						},
						"1.625": {
							"vector": [0, -5, -10]
						},
						"1.75": {
							"vector": [0, 0, -7.5]
						},
						"2.0": {
							"vector": [0, 0, -5]
						},
						"2.25": {
							"vector": [0, 0, -10]
						},
						"2.5": {
							"vector": [0, 0, -5]
						},
						"2.75": {
							"vector": [0, 0, -2.5]
						}
					}
				},
				"spine": {
					"rotation": {
						"vector": [0, 0, 0]
					},
					"position": {
						"vector": [0, 0, 0]
					},
					"scale": {
						"vector": [1, 1, 1]
					}
				},
				"chest": {
					"scale": {
						"0.0": {
							"vector": [1, 1, 1]
						},
						"0.25": {
							"vector": [1.025, 1.025, 1.025]
						},
						"0.5": {
							"vector": [1.05, 1.05, 1.05]
						},
						"0.75": {
							"vector": [1.025, 1.025, 1.025]
						},
						"1.0": {
							"vector": [1, 1, 1]
						},
						"1.25": {
							"vector": [0.975, 0.975, 0.975]
						},
						"1.5": {
							"vector": [0.95, 0.95, 0.95]
						},
						"1.75": {
							"vector": [0.925, 0.925, 0.925]
						},
						"2.0": {
							"vector": [0.95, 0.95, 0.95]
						},
						"2.25": {
							"vector": [0.975, 0.975, 0.975]
						},
						"2.5": {
							"vector": [1, 1, 1]
						}
					}
				}
			}
		},
		"animation.the_590.run": {
			"loop": true,
			"animation_length": 2.75,
			"bones": {
				"head": {
					"rotation": {
						"0.0": {
							"vector": [0, 0, 0]
						},
						"0.25": {
							"vector": [0, 0, -6.5]
						},
						"0.5": {
							"vector": [5.5, 0, -10.5]
						},
						"0.75": {
							"vector": [8.4725, -0.5502, -4.7763]
						},
						"1.0": {
							"vector": [-2.08194, -0.28091, 2.71907]
						},
						"1.25": {
							"vector": [-4.33961, -0.11078, 4.96265]
						},
						"1.5": {
							"vector": [-7.81972, 0.57078, 9.91604]
						},
						"1.75": {
							"vector": [-4.33538, -0.28124, 3.72432]
						},
						"2.0": {
							"vector": [-0.80529, -0.5827, -0.26443]
						},
						"2.25": {
							"vector": [-10.22235, -0.68282, -7.76422]
						},
						"2.5": {
							"vector": [-2, 0, -2]
						},
						"2.75": {
							"vector": [-2, 0, -2]
						}
					},
					"position": {
						"0.0": {
							"vector": [0, 0, 0]
						},
						"0.25": {
							"vector": [0, -0.25, 0]
						},
						"0.5": {
							"vector": [0, -0.5, 0]
						},
						"0.75": {
							"vector": [0, -0.25, 0]
						},
						"1.0": {
							"vector": [0, 0, 0]
						},
						"1.25": {
							"vector": [0, 0.25, 0]
						},
						"1.5": {
							"vector": [0, 0, 0]
						},
						"1.75": {
							"vector": [0, -0.25, 0]
						},
						"2.0": {
							"vector": [0, -0.5, 0]
						},
						"2.25": {
							"vector": [0, -0.75, 0]
						},
						"2.5": {
							"vector": [0, -0.5, 0]
						},
						"2.75": {
							"vector": [0, -0.25, 0]
						}
					}
				},
				"body": {
					"position": {
						"0.0": {
							"vector": [0, 0, 0]
						},
						"0.25": {
							"vector": [0, -0.25, 0]
						},
						"0.5": {
							"vector": [0, -0.5, 0]
						},
						"0.75": {
							"vector": [0, -0.25, 0]
						},
						"1.0": {
							"vector": [0, 0, 0]
						},
						"1.25": {
							"vector": [0, 0.25, 0]
						},
						"1.5": {
							"vector": [0, 0, 0]
						},
						"1.75": {
							"vector": [0, -0.25, 0]
						},
						"2.0": {
							"vector": [0, -0.5, 0]
						},
						"2.25": {
							"vector": [0, -0.75, 0]
						},
						"2.5": {
							"vector": [0, -0.5, 0]
						},
						"2.75": {
							"vector": [0, -0.25, 0]
						}
					}
				},
				"upper_leg": {
					"rotation": {
						"0.0": {
							"vector": [0, 0, 0]
						},
						"0.25": {
							"vector": [20, 0, 0]
						},
						"0.5": {
							"vector": [40, 0, 0]
						},
						"0.75": {
							"vector": [20, 0, 0]
						},
						"1.0": {
							"vector": [0, 0, 0]
						},
						"1.25": {
							"vector": [20, 0, 0]
						},